구분,장번호,장명,절번호,절명,참조번호,조명,조,항,호,목,내용
조,1,총칙,,,제1조,목적,제1조,0,0,0,이 편은 「자본시장과 금융투자업에 관한 법률」(이하 “법”이라 한다) 제391조에 따라 코넥스시장 상장법인의 기업내용의 신고·공시 및 관리에 관하여 필요한 사항을 규정함을 목적으로 한다.
항,1,총칙,,,제2조제①항,정의,제2조,①,0,0,① 이 규정에서 “코넥스시장 상장법인”이란 코넥스시장에 상장된 법 제9조제15항제3호에 따른 법인을 말한다.
항,1,총칙,,,제2조제②항,정의,제2조,②,0,0,② 이 편에서 “조회공시”란 한국거래소(이하 “거래소”라 한다)가 법 제391조제2항제3호에 따라 코넥스시장 상장법인에 대하여 기업내용에 관한 공시를 요구하여 해당 코넥스시장 상장법인이 이에 대하여 거래소에 신고하는 것을 말한다.
항,1,총칙,,,제2조제③항,정의,제2조,③,0,0,"③ 이 편에서 “공시책임자”란 코넥스시장 상장법인의 다음 각 호의 어느 하나에 해당하는 자로서 해당 코넥스시장 상장법인을 대표하여 신고업무를 수행할 수 있는 자를 말한다. 다만, 「채무자회생및파산에관한법률」에 따른 회생절차(간이회생절차를 포함한다. 이하 같다)개시신청을 하였거나 회생절차개시가 결정된 법인의 경우에는 동법 제74조에 따른 관리인 또는 동법 제85조에 따른 보전관리인을 공시책임자로 본다. <개정 2015. 7. 22., 2016. 12. 28.>"
호,1,총칙,,,제2조제1호,정의,제2조,③,1,0,상근하는 이사(「상법」제408조의2에 따른 집행임원 설치회사의 경우 집행임원을 포함한다)
호,1,총칙,,,제2조제2호,정의,제2조,③,2,0,「상법」제401조의2제1항제3호에 해당하는 자 중 해당 법인에 상근하면서 이사회 등 주요 의사결정 회의에 참석하는 자
항,1,총칙,,,제2조제④항,정의,제2조,④,0,0,④ 이 편에서 “불성실공시”란 코넥스시장 상장법인이 이 편의 규정에 따른 신고의무를 성실히 이행하지 아니하거나 이미 신고한 내용을 번복하여 공시불이행 또는 공시번복의 유형에 해당된 경우를 말한다.
항,1,총칙,,,제2조제⑤항,정의,제2조,⑤,0,0,"⑤ 이 편에서 “자기자본”이란 최근 사업연도말(최근 사업연도말 경과 후 「상법」 제522조, 제527조의2, 제527조의3 및 제530조의2에서 규정한 사실이 있는 때에는 해당 효력발생일을 말한다. 이하 이 항에서 같다) 재무제표를 기준으로 다음 산식에 따라 산정한 금액을 말한다. 자기자본 = 자산총액 - 부채총액 ± 최근 사업연도말 경과후 신고·공시사유 발생일까지의 자본금 및 자본잉여금의 증감액"
항,1,총칙,,,제2조제⑥항,정의,제2조,⑥,0,0,"⑥ 이 편에서 “최대주주”란 「금융회사의 지배구조에 관한 법률」제2조제6호가목에 따른 최대주주를 말한다. 이 경우 “금융회사”는 “법인”으로 보고, “발행주식(출자지분을 포함한다. 이하 같다)”은 “발행주식”으로 본다. 다만, 코넥스시장 상장규정 제2조제5항에 따른 벤처금융이 최대주주인 때에는 동 벤처금융의 소유주식을 제외하였을 경우 최대주주로 되는 자도 경영에 참여하는 경우에 한하여 최대주주로 보며, 이 규정 시행세칙(이하 “세칙”이라 한다)에서 정하는 전문투자자(이하 “전문투자자”라 한다)인 주주가 투자를 목적으로 소유한 주식은 최대주주 산정시 소유주식수에서 제외한다. <개정 2016. 12. 28.>"
항,1,총칙,,,제2조제⑦항,정의,제2조,⑦,0,0,⑦ 이 편에서 “특수관계인”이란 「금융회사의 지배구조에 관한 법률 시행령」제3조제1항 각 호의 어느 하나에 해당하는 자를 말한다. <개정 2016. 12. 28.>
항,1,총칙,,,제2조제⑧항,정의,제2조,⑧,0,0,"⑧ 이 편에서 “주요주주”란 「금융회사의 지배구조에 관한 법률」제2조제6호나목에 따른 주요주주를 말한다. 이 경우 “금융회사”는 “법인”으로 본다. 다만, 해당 법인의 경영에 영향력을 행사하지 않는 전문투자자인 주주는 제외한다. <개정 2016. 12. 28.>"
항,1,총칙,,,제2조제⑨항,정의,제2조,⑨,0,0,"⑨ 이 편에서 “소액주주”란 해당 법인의 발행주식총수의 100분의 1에 미달하는 주식을 소유한 주주를 말한다. 다만, 최대주주등(최대주주와 그 특수관계인을 말한다. 이하 같다)에 해당하는 주주는 소액주주로 보지 아니한다."
항,1,총칙,,,제2조제⑩항,정의,제2조,⑩,0,0,⑩ 이 편에서 “금융채권자”란 「기업구조조정촉진법」 제2조제2호에 따른 금융채권자를 말한다. <개정 2016. 12. 28.>
항,1,총칙,,,제2조제⑪항,정의,제2조,⑪,0,0,⑪ 이 편에서 “주채권은행”이란 「기업구조조정촉진법」 제2조제5호에 따른 주채권은행을 말한다. <개정 2016. 12. 28.>
항,1,총칙,,,제2조제⑫항,정의,제2조,⑫,0,0,⑫ 이 편에서 “금융채권자협의회”란 「기업구조조정촉진법」제22조에 따른 금융채권자협의회를 말한다. <개정 2016. 12. 28.>
항,1,총칙,,,제2조제⑬항,정의,제2조,⑬,0,0,"⑬ 제1항부터 제12항까지 이외에 이 편에서 사용하는 용어의 정의에 관하여는 법, 법 시행령, 법 시행규칙 그 밖에 관계법령과 거래소가 정하는 다른 규정에서 사용하는 용어의 정의에 따른다."
항,1,총칙,,,제3조제①항,적용기준,제3조,①,0,0,① 이 편에서 적용하는 재무사항은 「주식회사 등의 외부감사에 관한 법률」(이하 “외부감사법”이라 한다) 제2조제7호에 따른 감사인(이하 “회계감사인”이라 한다)의 감사결과 수정된 재무제표에 따른다. <개정 2019. 4. 17.>
항,1,총칙,,,제3조제②항,적용기준,제3조,②,0,0,② 제1항에도 불구하고 외부감사법 제5조제1항제1호에 따른 회계처리기준을 적용하는 코넥스시장 상장법인이 외부감사법 제2조제3호에 따른 지배회사(이하 “지배회사”라 한다)인 경우 이 편에서 적용하는 재무사항은 한국회계기준원의 기업회계기준서 제1027호에 따른 별도재무제표를 기준으로 한다. 다만 제6조제3호가목부터 다목까지의 규정의 경우에는 외부감사법 제2조제3호에 따른 연결재무제표를 기준으로 한다. <개정 2019. 4. 17.>
항,1,총칙,,,제3조제③항,적용기준,제3조,③,0,0,"③ 제1항에도 불구하고 최근 사업연도의 사업보고서를 제출하지 아니하거나 최근 사업보고서상 회계감사인의 감사의견이 감사범위제한으로 인한 한정, 부적정 또는 의견거절인 경우 그 직전 사업연도말 재무제표를 최근 사업연도말 재무제표로 본다."
항,1,총칙,,,제3조제④항,적용기준,제3조,④,0,0,"④ 이 편의 규정을 적용함에 있어 제2조제5항에 따라 산정한 자기자본, 최근 사업연도 매출액 및 최근 사업연도말 자산총액 등은 최근 사업연도 종료후 3월이 경과한 날부터 해당 사업연도 종료후 3월이 되는 날까지의 기간동안 적용한다."
항,1,총칙,,,제3조제⑤항,적용기준,제3조,⑤,0,0,⑤ 이 편의 규정을 적용함에 있어 제2조제5항에 따라 산정한 자기자본이 자본금에 미달하는 경우에는 최근의 자본금을 자기자본으로 본다.
항,1,총칙,,,제4조제①항,공시의무의 성실이행과 책임,제4조,①,0,0,① 코넥스시장 상장법인은 이 편의 규정에 따른 공시의무사항과 그 밖에 주가에 영향을 미칠 수 있는 기업내용에 관한 사항을 자발적으로 성실히 공시하여야 한다.
항,1,총칙,,,제4조제②항,공시의무의 성실이행과 책임,제4조,②,0,0,② 코넥스시장 상장법인은 제1항에 의해 기업내용에 관한 사항을 공시하기 이전에 동 내용이 코넥스시장에 풍문 또는 보도 등으로 누설되거나 유포되지 아니하도록 하여야 한다.
항,1,총칙,,,제4조제③항,공시의무의 성실이행과 책임,제4조,③,0,0,③ 코넥스시장 상장법인이 제1항 및 제2항을 위반함으로써 발생하는 사항에 관하여는 해당 법인이 그 책임을 진다.
항,1,총칙,,,제5조제①항,신고 및 서류제출방법,제5조,①,0,0,"① 코넥스시장 상장법인이 이 편의 규정에 따라 거래소에 공시 및 신고하여야 할 사항은 법 제436조에 따른 전자문서의 방법에 따라 작성하여 제출하여야 하며, 전자문서를 이용하여 제출하는 경우에는 서면(모사전송을 포함한다)제출을 면제할 수 있다."
항,1,총칙,,,제5조제②항,신고 및 서류제출방법,제5조,②,0,0,② 코넥스시장 상장법인은 제1항에도 불구하고 거래소가 불가피하다고 인정하는 경우에는 전자문서의 방법 이외에 서면(모사전송을 포함한다)제출에 의한 방법으로 신고할 수 있다.
항,1,총칙,,,제5조제③항,신고 및 서류제출방법,제5조,③,0,0,"③ 거래소는 코넥스시장 상장법인으로부터 제1항 및 제2항에 따른 신고가 있는 때에는 신고내용이 투자판단의 혼란 야기 여부, 근거서류 첨부 여부 등에 대한 확인절차를 거쳐 지체없이 세칙이 정하는 공시매체(이하 “공시매체”라 한다)를 통하여 그 주요 내용을 공시한다."
조,2,공시의무,,,제6조,공시신고 사항,제6조,0,0,0,"코넥스시장 상장법인은 다음 각 호의 어느 하나에 해당하는 경우에는 그 사실 또는 결정[이사회의 결의 또는 대표이사(집행임원 설치회사의 경우 대표집행임원을 말한다. 이하 같다) 그 밖의 사실상의 권한이 있는 임원·주요주주 등의 결정을 말한다. 이 경우 이사회의 결의는 「상법」 제393조의2에 따른 이사회내 위원회의 결의를 포함한다. 이하 같다]의 내용을 그 사유발생일 당일까지 거래소에 신고하여야 하며, 부득이한 사유로 세칙에서 정하는 바에 따라 신고한 경우에는 당일에 신고한 것으로 본다(이하 제10조에서 같다). 다만, 제1호나목 및 다목, 제2호나목부터 마목까지, 제3호, 제3호의2, 제5호다목 및 라목, 제6호, 제7호나목의 (2)부터 (4)까지, 제8호 및 제9호(단, 정기주주총회 결의의 경우는 제외한다)에 해당하는 경우에는 사유발생일 다음날까지 신고하여야 한다. <개정 2013. 11. 13., 2015. 4. 29., 2015. 7. 22., 2016. 12. 28., 2019. 4. 17., 2021. 11. 24., 2022. 4. 27., 2024. 11. 13.>"
호,2,공시의무,,,제6조제1호,공시신고 사항,제6조,0,1,0,해당 코넥스시장 상장법인의 영업 및 생산활동에 관한 다음 각목의 어느 하나에 해당하는 사실 또는 결정이 있은 때
목,2,공시의무,,,제6조제1호가목,공시신고 사항,제6조,0,1,가,가. 최근 사업연도 매출액의 100분의 20 이상에 해당하는 영업 또는 주된 영업의 일부 또는 전부가 정지되거나 그 정지에 관한 행정처분이 있은 때(그 영업의 인가·허가 또는 면허의 취소·반납과 그에 상당하는 생산품에 대한 판매활동의 정지를 포함한다)
목,2,공시의무,,,제6조제1호나목,공시신고 사항,제6조,0,1,나,나. 최근 사업연도 매출액의 100분의 20 이상을 차지하는 거래처와의 거래가 중단된 때
목,2,공시의무,,,제6조제1호다목,공시신고 사항,제6조,0,1,다,다. 최근 사업연도 매출액의 100분의 20 이상을 생산하는 공장에서 생산활동이 중단되거나 폐업된 때
목,2,공시의무,,,제6조제1호라목,공시신고 사항,제6조,0,1,라,라. 해당 코넥스시장 상장법인에서 발생한 중대재해와 관련하여 다음의 어느 하나에 해당하는 사실이 있는 때 <신설 2025. 10. 1.> (1) 「산업안전보건법」제54조제2항에 따라 중대재해가 발생한 사실을 고용노동부장관에게 보고한 때 <신설 2025. 10. 1.> (2) 「중대재해 처벌 등에 관한 법률」제6조 또는 제7조에 따라 해당 법인 또는 그 임원 등(퇴직한 자를 포함한다)에 대해 중대산업재해의 발생으로 인한 형사처벌 사실이 확인된 때 <신설 2025. 10. 1.> (3) 「중대재해 처벌 등에 관한 법률」제10조 또는 제11조에 따라 해당 법인 또는 그 임원 등(퇴직한 자를 포함한다)에 대해 중대시민재해의 발생으로 인한 형사처벌 사실이 확인된 때 <신설 2025. 10. 1.>
호,2,공시의무,,,제6조제2호,공시신고 사항,제6조,0,2,0,해당 코넥스시장 상장법인이 발행하는 증권에 관한 다음에 해당하는 사실 또는 결정이 있은 때
목,2,공시의무,,,제6조제2호가목,공시신고 사항,제6조,0,2,가,가. 증자 또는 감자에 관한 결정이 있은 때
목,2,공시의무,,,제6조제2호나목,공시신고 사항,제6조,0,2,나,나. 주식소각에 관한 결정이 있은 때. 이 경우 가목에 따른 자본금 감소의 방법으로 하는 사항은 가목에 따라 신고하여야 한다.
목,2,공시의무,,,제6조제2호다목,공시신고 사항,제6조,0,2,다,"다. 자기주식 취득 또는 처분(신탁계약 등의 체결, 해지 또는 연장을 포함한다)에 관한 결정이 있은 때, 신탁계약 등의 체결을 통해 취득한 자기주식의 코넥스시장 밖에서의 처분에 관한 결정이 있은 때"
목,2,공시의무,,,제6조제2호라목,공시신고 사항,제6조,0,2,라,"라. 주권 관련 사채권(법 제165조의10제1항에 따른 사채와 「은행법」 제33조제1항제3호에 따른 은행주식 전환형 조건부자본증권을 말한다) 등과 관련하여 다음의 어느 하나에 해당하는 때 (1) 전환사채, 신주인수권부사채, 교환사채 또는 증권예탁증권(외국에서 이와 유사한 증권 또는 증서가 발행되는 때를 포함한다)의 발행에 관한 결정이 있은 때 (2) 조건부자본증권(법 제165조의11제1항에 따른 조건부자본증권과 「은행법」 제33조제1항제2호부터 제4호까지에 따른 조건부자본증권을 말한다. 이하 같다)의 발행에 관한 결정이 있은 때 (3) 조건부자본증권이 주식으로 전환되는 사유가 발생하거나 그 조건부자본증권의 상환과 이자지급 의무가 감면되는 사유가 발생한 때 (4) 전환사채, 신주인수권부사채 또는 교환사채를 만기 전에 취득하기로 결정한 때 또는 만기 전에 취득한 해당 사채를 매도하기로 결정한 때"
목,2,공시의무,,,제6조제2호마목,공시신고 사항,제6조,0,2,마,"마. 해외증권시장에 주권 또는 증권예탁증권(이하 “주권등”이라 한다. 이하 같다)의 상장을 추진하거나 이미 상장한 코넥스시장 상장법인이 다음에 해당하는 때 (1) 해외증권시장에 주권등을 상장하기 위한 결정이 있은 때 및 해당 주권등을 상장한 때 (2) 해외증권시장에 상장 후 해당국 증권감독기관 또는 증권거래소 등에 기업내용을 정기 또는 수시로 신고, 공시할 것을 결정하거나 보고서 그 밖에 관련 서류를 제출하기로 결정한 때. 다만, 국내 증권관계법령 및 이 규정에 따라 신고 또는 공시하거나 제출하는 사항과 중복되는 경우는 제외 (3) 해외증권시장에서의 상장폐지를 결정하거나 해당국 증권감독기관 또는 증권거래소로부터 매매거래정지, 상장폐지, 그 밖의 조치(해당 법인이 이를 요청한 때를 포한한다)를 받은 때 또는 상장폐지된 때 (4) 해당국 증권거래소로부터 조회공시를 요구받은 때"
목,2,공시의무,,,제6조제2호바목,공시신고 사항,제6조,0,2,바,바. 해당 법인이 상장을 폐지하기로 결정한 때
호,2,공시의무,,,제6조제3호,공시신고 사항,제6조,0,3,0,해당 코넥스시장 상장법인의 투자활동에 관한 다음에 해당하는 사실 또는 결정이 있은 때
목,2,공시의무,,,제6조제3호가목,공시신고 사항,제6조,0,3,가,가. 최근 사업연도말 자산총액의 100분의 10 이상의 유형자산(임대를 목적으로 하는 부동산을 포함한다)의 취득 또는 처분[법상의 특정금전신탁 또는 사모집합투자기구(해당 법인이 자산운용에 사실상의 영향력을 행사하는 경우에 한한다)에 따른 취득 또는 처분을 포함한다. 이하 이 호 나목에서의 취득 또는 처분에서 같다]에 관한 결정이 있은 때
목,2,공시의무,,,제6조제3호나목,공시신고 사항,제6조,0,3,나,"나. 자기자본의 100분의 10 이상의 출자(타법인이 발행한 주식 또는 출자증권의 취득을 말한다. 이하 같다), 출자지분 처분 또는 주권 관련 사채권의 취득·처분에 관한 결정이 있는 때. 다만, 다음 어느 하나에 해당하는 때에는 그러하지 아니하며, 출자 또는 주권 관련 사채권의 취득의 경우 상대방에 대한 세칙이 정하는 사항을 포함하여 신고하여야 한다. (1) 공개매수에 따른 출자. 다만, 외국기업이 발행한 주권을 대상으로 하는 외국 법률에 따른 공개매수의 경우 해당 국가에서 공개매수신고서 또는 이에 준하는 서류를 제출하는 때에 신고하여야 한다. (2) 금융기관(「금융위원회의설치등에관한법률」 제38조 각 호의 어느 하나에 해당하는 기관을 말한다. 이하 같다)의 단기매매증권의 취득·처분(담보권 등 권리실행에 따른 출자·출자지분 처분을 포함한다)"
목,2,공시의무,,,제6조제3호다목,공시신고 사항,제6조,0,3,다,"다. 자기자본의 100분의 20 이상의 신규시설투자, 세칙에서 정하는 시설외 투자, 시설증설 또는 별도 공장의 신설에 관한 결정이 있은 때"
호,2,공시의무,,,제6조제3의2호,공시신고 사항,제6조,0,3의2,0,해당 코넥스시장 상장법인의 채권·채무에 관한 다음에 해당하는 사실 또는 결정이 있은 때
목,2,공시의무,,,제6조제3의2호가목,공시신고 사항,제6조,0,3의2,가,가. 발행한 사채와 관련하여 자기자본의 100분의 20 이상의 금액에 상당하는 원리금의 지급을 이행하지 못한 때. 이 경우 신고금액의 산정은 해당 사업연도에 발생한 미지급금액 중 기신고분을 제외한 미지급된 누계금액을 기준으로 한다.
목,2,공시의무,,,제6조제3의2호나목,공시신고 사항,제6조,0,3의2,나,나. 「신용정보의 이용 및 보호에 관한 법률 시행령」 제21조제2항의 금융기관으로부터 받은 대출금과 관련하여 자기자본 100분의 20 이상의 금액에 상당하는 원리금의 지급을 이행하지 못한 때. 이 경우 신고금액의 산정은 해당 사업연도에 발생한 미지급금액 중 기신고분을 제외한 미지급된 누계금액을 기준으로 한다.
호,2,공시의무,,,제6조제4호,공시신고 사항,제6조,0,4,0,해당 코넥스시장 상장법인의 손익에 관한 다음에 해당하는 사실 또는 결정이 있은 때
목,2,공시의무,,,제6조제4호가목,공시신고 사항,제6조,0,4,가,가. 천재·지변·전시·사변 또는 화재 등으로 인하여 최근 사업연도말 자산총액의 100분의 20 이상의 재해(최근 사업연도말 재무상태표상의 가액을 기준으로 한다)가 발생한 때
목,2,공시의무,,,제6조제4호나목,공시신고 사항,제6조,0,4,나,나. 자기자본의 100분의 10 이상의 벌금·과태료·과징금 또는 추징금 등이 부과된 사실을 확인한 때
목,2,공시의무,,,제6조제4호다목,공시신고 사항,제6조,0,4,다,다. 임원·직원 등(퇴직한 자 포함)의 횡령·배임혐의를 확인한 때 및 횡령금액 상환(고소취하 포함) 등의 진행사항이 확인되거나 횡령·배임혐의가 사실로 확인된 때. 이 경우 직원 등의 경우에는 자기자본의 100분의 10 이상의 금액으로 한정한다.
호,2,공시의무,,,제6조제5호,공시신고 사항,제6조,0,5,0,해당 코넥스시장 상장법인의 결산에 관한 다음 각 목의 어느 하나에 해당하는 사실 또는 결정이 있은 때
목,2,공시의무,,,제6조제5호가목,공시신고 사항,제6조,0,5,가,"가. 외부감사법 제23조제1항에 따라 회계감사인으로부터 감사보고서를 제출받은 때. 다만, 해당 감사보고서상 감사의견(지배회사인 코넥스시장 상장법인의 경우에는 연결재무제표 및 별도재무제표에 대한 감사의견을 말한다. 이하 같다)이 부적정, 의견거절 또는 감사범위의 제한으로 인한 한정에 해당하는 사실이 확인된 때에는 이를 함께 신고하여야 한다."
목,2,공시의무,,,제6조제5호나목,공시신고 사항,제6조,0,5,나,나. 삭제 <2013. 11. 13.>
목,2,공시의무,,,제6조제5호다목,공시신고 사항,제6조,0,5,다,다. 주식배당에 관한 결정이 있은 때. 이 경우 기준일 10일 전까지 그 예정내용을 신고하여야 한다.
목,2,공시의무,,,제6조제5호라목,공시신고 사항,제6조,0,5,라,"라. 현금·현물배당(분기·중간배당을 포함한다)에 관한 결의를 한 때 및 동 배당을 위한 주주명부폐쇄기간 또는 기준일을 결정한 때(다만, 정관에서 특정한 일자를 배당기준일로 정한 경우에는 제외한다). 이 경우 해당 배당신고는 세칙이 정하는 시가배당률에 따라야 하며 액면배당률은 표시하지 아니한다."
목,2,공시의무,,,제6조제5호마목,공시신고 사항,제6조,0,5,마,마. 해당 코넥스시장 상장법인 또는 그 임원·직원(퇴직한 자를 포함한다)을 검찰이 외부감사법 제5조제3항 위반행위(이하 “회계처리기준 위반행위”라 한다)로 기소하거나 증권선물위원회가 「외부감사 및 회계 등에 관한 규정」에 따라 검찰고발 또는 검찰통보하기로 의결한 사실이 확인된 경우
목,2,공시의무,,,제6조제5호바목,공시신고 사항,제6조,0,5,바,"바. 최근 사업연도 결산 결과 상장규정 제28조제1항제14호(단서에 해당하는 경우는 제외한다)에 해당하는 사실이 있은 때. 이 경우 결산주주총회의 소집을 통지·공고하기 이전까지 하여야 하며, 매출액·영업손익·당기순손익 항목 및 자산·부채·자본총계 현황을 함께 신고하여야 한다."
호,2,공시의무,,,제6조제6호,공시신고 사항,제6조,0,6,0,해당 코넥스시장 상장법인의 지배구조 또는 구조개편에 관한 다음에 해당하는 사실 또는 결정이 있은 때
목,2,공시의무,,,제6조제6호가목,공시신고 사항,제6조,0,6,가,가. 최대주주 또는 대표이사가 변경된 때. 이 경우 최대주주 또는 대표이사에 대한 세칙이 정하는 사항을 포함하여 신고하여야 한다.
목,2,공시의무,,,제6조제6호나목,공시신고 사항,제6조,0,6,나,"나. 최대주주 변경을 수반하는 주식양수도 계약(매매의 예약 등의 방법 포함) 등을 체결하거나 임원의 임면, 정관변경 등 경영권 변경을 목적으로 하는 계약 또는 이에 준하는 내용의 계약을 체결한 때"
목,2,공시의무,,,제6조제6호다목,공시신고 사항,제6조,0,6,다,다. 「상법」 제3편제4장제2절제2관 및 제3관의 규정에 따른 주식교환 또는 주식이전의 결정이 있은 때
목,2,공시의무,,,제6조제6호라목,공시신고 사항,제6조,0,6,라,"라. 「상법」 제374조, 제522조, 제527조의2, 제527조의3, 제530조의2, 제530조의12 및 법 시행령 제171조제2항제1호부터 제3호까지에서 규정한 사실에 관한 결정이나 이사회결의가 있은 때"
호,2,공시의무,,,제6조제7호,공시신고 사항,제6조,0,7,0,해당 코넥스시장 상장법인의 존립에 관한 다음에 해당하는 사실 또는 결정이 있은 때
목,2,공시의무,,,제6조제7호가목,공시신고 사항,제6조,0,7,가,가. 발행한 어음 또는 수표가 부도로 되거나 은행과의 당좌거래가 정지 또는 금지된 때
목,2,공시의무,,,제6조제7호나목,공시신고 사항,제6조,0,7,나,나. 「채무자회생및파산에관한법률」에 따른 다음 어느 하나에 해당하는 때 (1) 회생절차 개시신청·개시신청 기각 (2) 회생절차 개시결정·개시결정 취소 (3) 회생계획 인가·불인가 (4) 회생절차 종결신청·종결결정·폐지신청·폐지결정 (5) 파산신청·파산신청기각·파산선고
목,2,공시의무,,,제6조제7호다목,공시신고 사항,제6조,0,7,다,다. 「상법」 제517조 또는 그 밖의 법률에 따른 해산사유가 발생한 때
목,2,공시의무,,,제6조제7호라목,공시신고 사항,제6조,0,7,라,"라. 코넥스시장 상장법인이 거래은행 또는 금융채권자에게 경영관리를 신청·신청취하하거나 거래은행 또는 금융채권자가 법인의 경영관리를 개시, 중단 또는 해제한 사실을 확인한 때"
목,2,공시의무,,,제6조제7호마목,공시신고 사항,제6조,0,7,마,마. 삭제 <2015. 7. 22.>
호,2,공시의무,,,제6조제8호,공시신고 사항,제6조,0,8,0,해당 코넥스시장 상장법인에 대하여 다음의 소송 등의 절차가 제기·신청되거나 그 소송 등이 판결·결정된 사실을 확인한 때
목,2,공시의무,,,제6조제8호가목,공시신고 사항,제6조,0,8,가,"가. 코넥스시장 상장법인이 발행한 상장 또는 상장대상 증권의 발행에 대한 효력, 그 권리변경 및 그 증권의 위조 또는 변조"
목,2,공시의무,,,제6조제8호나목,공시신고 사항,제6조,0,8,나,나. 청구금액이 자기자본의 100분의 10 이상인 소송(비송사건을 포함한다)
목,2,공시의무,,,제6조제8호다목,공시신고 사항,제6조,0,8,다,"다. 임원의 선임·해임을 위한 소수주주의 법원에 대한 주주총회 소집허가 신청, 임원의 선임·해임 관련 주주총회결의의 무효·취소의 소, 임원의 직무집행정지가처분 신청 등 임원의 선임·해임 또는 직무집행과 관련한 경영권분쟁 소송"
호,2,공시의무,,,제6조제9호,공시신고 사항,제6조,0,9,0,"주주총회 소집을 위한 이사회 결의 및 주주총회에서의 결의가 있은 때. 이 경우 사업목적 변경, 사외이사의 선임·해임, 감사의 선임·해임, 집중투표제의 도입·폐지 등 투자판단에 중대한 영향을 미칠 수 있는 사항에 대하여는 이를 구분하여 명기하여야 한다."
호,2,공시의무,,,제6조제10호,공시신고 사항,제6조,0,10,0,지정자문인의 선임 및 선임계약 해지에 관한 사실 또는 결정이 있은 때
호,2,공시의무,,,제6조제11호,공시신고 사항,제6조,0,11,0,코넥스시장 상장법인이 주주명부를 통해 최근 사업연도말 현재 「코넥스시장 상장규정」 제28조제1항제7의2호에 따른 요건을 충족하지 못한 사실이 확인된 때
조,2,공시의무,,,제7조,자율공시,제7조,0,0,0,코넥스시장 상장법인은 제6조에 따른 주요경영사항 이외에 회사의 경영·재산 및 투자자의 투자판단에 영향을 미칠 수 있다고 판단되는 세칙에서 정하는 사항의 발생 또는 결정이 있는 때에는 그 내용을 사유발생일 다음날까지 거래소에 신고할 수 있다.
항,2,공시의무,,,제7조의2제①항,풍문 또는 보도 등에 대한 해명,제7조의2,①,0,0,"① 코넥스시장 상장법인은 다음 각 호의 어느 하나에 해당하는 사항과 관련된 풍문 또는 보도 등에 대하여 해명하고자 하는 경우에는 그 내용을 거래소에 신고할 수 있다. 다만, 제8조제1항에 따른 조회공시를 요구받은 경우에는 그러하지 아니하다."
호,2,공시의무,,,제7조의2제1호,풍문 또는 보도 등에 대한 해명,제7조의2,①,1,0,제6조 및 제7조에서 정하는 사항
호,2,공시의무,,,제7조의2제2호,풍문 또는 보도 등에 대한 해명,제7조의2,①,2,0,그 밖에 코넥스시장 상장법인의 주가 및 거래량에 영향을 미칠 수 있다고 인정되는 사항
항,2,공시의무,,,제7조의2제②항,풍문 또는 보도 등에 대한 해명,제7조의2,②,0,0,② 제1항에 따른 신고에 관하여 제9조를 준용한다.
항,2,공시의무,,,제7조의2제③항,풍문 또는 보도 등에 대한 해명,제7조의2,③,0,0,"③ 제1항의 풍문 또는 보도 등에 대한 해명과 관련하여 대상법인, 신고시한 및 해명대상 풍문 또는 보도 등의 범위 등 필요한 사항은 세칙으로 정한다. [본조신설 2019. 4. 17.]"
항,2,공시의무,,,제8조제①항,조회공시,제8조,①,0,0,① 거래소는 제6조 및 제7조에서 정하는 사항 또는 이에 준하는 사항으로서 세칙에서 정하는 풍문 또는 보도 등의 사실여부의 확인을 위하여 코넥스시장 상장법인에게 조회공시를 요구하고 공시매체를 통하여 해당 조회공시 요구사실 및 그 내용을 공표한다.
항,2,공시의무,,,제8조제②항,조회공시,제8조,②,0,0,"② 제1항에 따른 사실여부확인 요구를 받은 해당 기업은 공시요구시점이 오전인 경우에는 당일 오후까지, 오후인 경우에는 다음날 오전까지(제17조제2항제1호부터 제7호까지에 해당하는 사유로 조회공시를 요구받은 경우에는 다음날까지)에 제5조에 따른 방법에 따라 공시내용을 거래소에 제출하여야 한다."
항,2,공시의무,,,제8조제③항,조회공시,제8조,③,0,0,"③ 코넥스시장 상장법인은 제1항에 따른 조회공시 요구사항이 제6조제6호의 가목, 나목 또는 라목 등에 관련되는 사항으로서 필요한 경우에는 최대주주등의 확인을 거쳐 조회공시를 하여야 한다."
항,2,공시의무,,,제8조제④항,조회공시,제8조,④,0,0,"④ 거래소는 제1항에도 불구하고 풍문 및 보도의 내용이 1월(제6조제6호의 가목, 나목, 라목 그 밖에 이에 준하는 사항의 경우에는 3월)이내에 해당 기업이 이미 공시한 사항인 경우에는 조회공시를 요구하지 아니할 수 있다."
항,2,공시의무,,,제9조제①항,미확정공시,제9조,①,0,0,① 코넥스시장 상장법인은 제8조에 따른 조회공시를 해당 법인의 의사결정 과정중에 있다는 내용으로 공시(이하 “미확정공시”라 한다)할 수 있다.
항,2,공시의무,,,제9조제②항,미확정공시,제9조,②,0,0,"② 제1항에 따라 미확정공시를 한 코넥스시장 상장법인은 해당 미확정공시일부터 확정공시시점까지 해당 의사결정과정에 대한 구체적인 진척상황을 그 공시일부터 1월 이내에 재공시하여야 한다. 다만, 미확정공시일부터 1월 이내에 확정내용 또는 진척상황의 재공시가 사실상 곤란하다고 인정되는 경우에는 해당 코넥스시장 상장법인이 미확정공시 당시 명시한 기간내에 재공시할 수 있다."
항,2,공시의무,,,제9조제③항,미확정공시,제9조,③,0,0,"③ 제1항 및 제2항에 따라 미확정공시를 하는 코넥스시장 상장법인은 의사결정과정 중에 있다는 사실을 확인할 수 있는 입증자료를 첨부하여 공시하여야 한다. 다만, 경영상 비밀 등의 사유로 입증자료 제출이 곤란하다고 거래소가 인정하는 경우에는 대표이사의 확인서를 첨부하여 공시할 수 있다."
조,2,공시의무,,,제10조,기 공시내용의 변동사항 신고,제10조,0,0,0,코넥스시장 상장법인은 제6조부터 제9조까지의 규정에 따라 공시한 후 해당 공시내용을 취소 또는 변경하는 경우(제7조에 해당하는 사항으로서 세칙에서 정하는 경미한 변경은 제외한다)에는 이를 사유발생일 당일(기 공시내용이 사유발생일 다음날까지 신고하도록 규정되어 있는 경우에는 사유발생일 다음날)까지 거래소에 신고하여야 한다. <개정 2015. 4. 29.>
조,2,공시의무,,,제11조,사업보고서 제출<개정 2013. 11. 13.>,제11조,0,0,0,코넥스시장 상장법인은 법 제159조에 따른 사업보고서를 법정제출기한내에 거래소에 제출하여야 한다. <개정 2013. 11. 13.>
조,3,불성실공시,,,제12조,공시불이행,제12조,0,0,0,거래소는 코넥스시장 상장법인이 다음 각 호의 어느 하나에 해당되는 경우 공시불이행으로 본다.
호,3,불성실공시,,,제12조제1호,공시불이행,제12조,0,1,0,"제6조, 제8조부터 제10조까지의 규정에 따른 공시사항을 해당 신고기한까지 공시하지 아니한 경우"
호,3,불성실공시,,,제12조제2호,공시불이행,제12조,0,2,0,제6조부터 제10조까지의 규정에 따른 공시사항을 거짓으로 또는 잘못 공시하거나 중요사항을 기재하지 아니하고 공시한 경우
조,3,불성실공시,,,제13조,공시번복,제13조,0,0,0,거래소는 코넥스시장 상장법인이 다음 각 호의 어느 하나에 해당되는 경우 공시번복으로 본다. <개정 2019. 4. 17.>
호,3,불성실공시,,,제13조제1호,공시번복,제13조,0,1,0,"제6조부터 제9조까지의 규정에 따라 이미 공시한 내용을 전면취소, 부인 또는 이에 준하는 사항으로서 세칙에서 정하는 내용을 공시하는 경우"
호,3,불성실공시,,,제13조제2호,공시번복,제13조,0,2,0,제7조의2제1항 및 제8조제1항에 따라 풍문 등의 내용을 부인공시한 후 1개월 이내에 기 공시내용과 상반되는 내용을 결정하는 경우
항,3,불성실공시,,,제14조제①항,불성실공시의 적용 예외,제14조,①,0,0,① 거래소는 제12조 및 제13조에도 불구하고 다음 각호의 어느 하나에 해당하는 경우에는 불성실공시로 보지 아니한다.
호,3,불성실공시,,,제14조제1호,불성실공시의 적용 예외,제14조,①,1,0,"다른 법령, 규정 등에 의해 불가피한 경우"
호,3,불성실공시,,,제14조제2호,불성실공시의 적용 예외,제14조,①,2,0,"천재지변, 경제사정의 급격한 변동 그 밖에 이에 준하는 사태가 발생한 경우"
호,3,불성실공시,,,제14조제3호,불성실공시의 적용 예외,제14조,①,3,0,공익 또는 투자자보호를 위하여 필요하다고 인정되는 경우
호,3,불성실공시,,,제14조제4호,불성실공시의 적용 예외,제14조,①,4,0,그 밖에 해당 코넥스시장 상장법인이 귀책사유가 없음을 입증하거나 경미한 사항으로서 주가에 미치는 영향이 크지 않다고 거래소가 인정하는 경우
항,3,불성실공시,,,제14조제②항,불성실공시의 적용 예외,제14조,②,0,0,② 거래소는 제1항을 적용함에 있어 해당 기업에 대하여 공시내용과 관련한 자료 제출을 요구할 수 있다.
항,3,불성실공시,,,제15조제①항,불성실공시법인 지정 절차 등,제15조,①,0,0,"① 거래소는 코넥스시장 상장법인이 제12조 및 제13조에 해당되는 경우에는 해당 법인을 불성실공시법인으로 지정예고하며, 그 사실을 공시매체에 게재하고 해당 법인에게 통보(모사전송을 포함)한다."
항,3,불성실공시,,,제15조제②항,불성실공시법인 지정 절차 등,제15조,②,0,0,② 제1항에 따라 불성실공시법인 지정예고를 통보받은 법인은 통보를 받은 날부터 7일 이내에 세칙에서 정하는 바에 따라 거래소에 이의신청할 수 있다.
항,3,불성실공시,,,제15조제③항,불성실공시법인 지정 절차 등,제15조,③,0,0,"③ 거래소는 특별한 사유가 없는 한 제1항에 따른 불성실공시법인 지정예고일로부터 15일 이내에 「코넥스시장 상장규정」 제36조에 따른 코넥스시장 상장공시위원회의 심의를 거쳐 심의일로부터 3일 이내에 해당 코넥스시장 상장법인의 불성실공시법인 해당여부 및 위반행위별로 세칙에서 정하는 기준에 따른 부과벌점을 결정하여야 한다. 다만, 위반의 내용 등 세칙으로 정하는 요건에 해당하여 위원회의 심의가 필요하지 않다고 인정되는 경우에는 위원회의 심의를 거치지 않을 수 있다. <개정 2019. 4. 17.>"
항,3,불성실공시,,,제15조제④항,불성실공시법인 지정 절차 등,제15조,④,0,0,"④ 거래소는 제3항에 따라 해당 코넥스시장 상장법인의 불성실공시법인 해당 여부 및 부과벌점 등을 결정하기 위하여 필요하다고 인정하는 경우 해당 법인 및 지정자문인에게 해당 사실을 증명하는 서류 또는 의견서 등의 제출을 요구할 수 있으며, 해당 법인 및 지정자문인은 특별한 사유가 없는 한 지체없이 이에 응하여야 한다."
항,3,불성실공시,,,제15조제⑤항,불성실공시법인 지정 절차 등,제15조,⑤,0,0,"⑤ 거래소는 제3항에 따라 해당 법인을 불성실공시법인으로 지정하는 경우 지정사실 및 부과벌점 등을 공시매체에 게재하고 해당 사실을 해당 법인에게 통보하며, 불성실공시법인으로 지정하지 않는 경우에도 해당 법인에 대하여 성실공시 이행촉구 등의 조치를 할 수 있다."
항,3,불성실공시,,,제15조제⑥항,불성실공시법인 지정 절차 등,제15조,⑥,0,0,⑥ 코넥스시장 상장법인은 제3항에 따른 결정에 대하여는 이의를 신청할 수 없다.
항,3,불성실공시,,,제15조제⑦항,불성실공시법인 지정 절차 등,제15조,⑦,0,0,⑦ 거래소는 코넥스시장 상장법인이 제23조제3항에서 규정하는 교육을 이수하지 아니하거나 제24조의 내부정보집중의무를 위반한 경우 해당 사실을 공시매체에 게재할 수 있다.
항,3,불성실공시,,,제15조제⑧항,불성실공시법인 지정 절차 등,제15조,⑧,0,0,⑧ 제2항에 따른 이의신청을 하는 코넥스시장 상장법인은 제3항에 따라 개최되는 위원회에 출석하여 해당 사안의 경위 등에 대하여 진술할 수 있다.
항,3,불성실공시,,,제16조제①항,공시의무 이행실태 점검 등,제16조,①,0,0,① 거래소는 코넥스시장 상장법인이 이 규정에 따른 공시의무를 성실하게 이행하는지 여부를 점검할 수 있다.
항,3,불성실공시,,,제16조제②항,공시의무 이행실태 점검 등,제16조,②,0,0,"② 제1항에 따른 점검은 코넥스시장 상장법인이 제출한 사업보고서등 정기보고서, 각종 신고서류 그 밖의 증빙자료의 요청 또는 현지출장 등을 통하여 실시할 수 있다."
항,3,불성실공시,,,제16조제③항,공시의무 이행실태 점검 등,제16조,③,0,0,"③ 거래소는 코넥스시장 상장법인에 대하여 공시내용 및 제1항에 따른 공시의무 이행실태 점검과 관련하여 해당 사실을 증명하는 서류 등 거래소가 필요하다고 인정하는 자료의 제출을 요구할 수 있으며, 해당 법인은 특별한 사유가 없는 한 지체없이 이에 응하여야 한다."
항,3,불성실공시,,,제16조제④항,공시의무 이행실태 점검 등,제16조,④,0,0,④ 거래소는 법 제392조제2항 및 법 시행령 제361조에 따라 행정기관 그 밖에 관계기관에 코넥스시장 상장법인의 공시내용과 관련한 정보의 제공 또는 교환을 요청할 수 있다.
항,3,불성실공시,,,제16조제⑤항,공시의무 이행실태 점검 등,제16조,⑤,0,0,"⑤ 지정자문인은 담당하는 코넥스시장 상장법인의 공시의무의 이행을 위하여 필요하다고 인정하는 경우 또는 거래소가 요구하는 경우에는 해당 법인에게 관련 자료의 제출을 요구할 수 있으며, 해당 법인은 특별한 사유가 없는 한 지체없이 이에 응하여야 한다."
항,4,상장법인 관리,,,제17조제①항,매매거래의 정지,제17조,①,0,0,① 거래소는 코넥스시장 상장종목이 다음 각호의 어느 하나에 해당하는 경우에는 해당 종목의 매매거래를 정지할 수 있다.
호,4,상장법인 관리,,,제17조제1호,매매거래의 정지,제17조,①,1,0,풍문 등과 관련하여 주가 및 거래량이 급변하거나 급변이 예상되는 경우
호,4,상장법인 관리,,,제17조제2호,매매거래의 정지,제17조,①,2,0,주가 및 거래량에 중대한 영향을 주는 사항으로서 세칙으로 정하는 사항을 공시하는 때
호,4,상장법인 관리,,,제17조제3호,매매거래의 정지,제17조,①,3,0,제8조에 따른 조회공시 요구에 대하여 그 신고시한까지 응하지 아니한 때
호,4,상장법인 관리,,,제17조제4호,매매거래의 정지,제17조,①,4,0,제1호부터 제3호까지 이외에 투자자보호를 위하여 거래소가 필요하다고 인정하는 경우
항,4,상장법인 관리,,,제17조제②항,매매거래의 정지,제17조,②,0,0,② 제1항제1호에서 “풍문 등”이란 다음 각 호의 어느 하나에 해당하는 코넥스시장 상장법인에 관한 풍문 또는 보도를 말한다. <개정 2013. 11. 13.>
호,4,상장법인 관리,,,제17조제1호,매매거래의 정지,제17조,②,1,0,발행한 어음 또는 수표의 부도발생이나 은행과의 거래정지 또는 금지
호,4,상장법인 관리,,,제17조제2호,매매거래의 정지,제17조,②,2,0,영업활동의 전부 또는 일부정지
호,4,상장법인 관리,,,제17조제3호,매매거래의 정지,제17조,②,3,0,"법률의 규정에 따른 파산, 해산 또는 회사의 회생절차 개시신청이나 사실상의 정리절차 개시"
호,4,상장법인 관리,,,제17조제4호,매매거래의 정지,제17조,②,4,0,"최근 사업연도 회계감사인의 감사보고서상 감사의견이 부적정, 의견거절 또는 감사범위 제한으로 인한 한정에 해당하는 경우"
호,4,상장법인 관리,,,제17조제5호,매매거래의 정지,제17조,②,5,0,삭제 <2013. 11. 13.>
호,4,상장법인 관리,,,제17조제6호,매매거래의 정지,제17조,②,6,0,회계처리기준 위반에 해당하는 경우
호,4,상장법인 관리,,,제17조제7호,매매거래의 정지,제17조,②,7,0,제1호부터 제6호까지 이외에 주가 및 거래량의 급변이 예상되는 중요한 사항으로 조회가 가능한 사항
항,4,상장법인 관리,,,제17조제③항,매매거래의 정지,제17조,③,0,0,③ 제1항에 따른 매매거래의 정지 및 재개에 관하여 필요한 사항은 세칙으로 정한다.
조,4,상장법인 관리,,,제18조,시장신고 사항,제18조,0,0,0,"코넥스시장 상장법인은 다음 각호의 사항이 발생하였을 경우 지체없이 거래소에 신고하여야 한다. <개정 2017. 6. 14., 2021. 11. 24., 2024. 11. 13.>"
호,4,상장법인 관리,,,제18조제1호,시장신고 사항,제18조,0,1,0,감자주식의 취득을 완료하거나 취득기간이 종료된 때 및 그 주식의 소각이 완료된 때
호,4,상장법인 관리,,,제18조제2호,시장신고 사항,제18조,0,2,0,"주주명부 폐쇄기간 또는 기준일의 설정 또는 변경. 다만, 제6조제5호라목에 따른 신고사항은 제외한다."
호,4,상장법인 관리,,,제18조제3호,시장신고 사항,제18조,0,3,0,상호변경
호,4,상장법인 관리,,,제18조제4호,시장신고 사항,제18조,0,4,0,본점소재지 변경
호,4,상장법인 관리,,,제18조제5호,시장신고 사항,제18조,0,5,0,결산기 변경
호,4,상장법인 관리,,,제18조제6호,시장신고 사항,제18조,0,6,0,유상증자를 하는 경우 발행가액의 결정이 있은 때 및 신주인수권자가 청약을 하지 않아 발생하는 실권주식의 처리를 위한 결정이 있은 때
호,4,상장법인 관리,,,제18조제7호,시장신고 사항,제18조,0,7,0,"전환주식(「상법」제346조에 따른 종류주식을 말한다. 이하 같다)·전환사채의 전환가액, 신주인수권부사채의 행사가액 또는 교환사채의 교환가액이 결정된 때"
호,4,상장법인 관리,,,제18조제8호,시장신고 사항,제18조,0,8,0,"전환주식·전환사채의 전환청구, 신주인수권부사채의 신주인수권행사 또는 교환사채의 교환청구로 인한 행사주식수의 누계(기 신고된 주식수량은 제외한다)가 각각 발행주식총수의 100분의 2이상인 때"
호,4,상장법인 관리,,,제18조제9호,시장신고 사항,제18조,0,9,0,"전환주식·전환사채의 전환가액, 신주인수권부사채의 행사가액 또는 교환사채의 교환가액의 조정(시가변동에 따른 조정의 경우에 한한다)이 있은 때"
호,4,상장법인 관리,,,제18조제10호,시장신고 사항,제18조,0,10,0,신주인수권부사채를 발행한 후 해당 사채에서 분리된 신주인수권증권을 취득한 때
호,4,상장법인 관리,,,제18조제11호,시장신고 사항,제18조,0,11,0,주식매수선택권의 행사 주식수의 누계(기 신고된 행사 주식수를 제외한다)가 발행주식총수의 100분의 2이상인 때
호,4,상장법인 관리,,,제18조제12호,시장신고 사항,제18조,0,12,0,"코넥스시장 업무규정 제17조제6항에 따른 유동성공급계약의 체결, 해지 또는 변경"
조,4,상장법인 관리,,,제19조,거래소의 공시,제19조,0,0,0,거래소는 다음 각호의 어느 하나의 사항을 해당 코넥스시장 상장법인을 대신하여 공시할 수 있다.
호,4,상장법인 관리,,,제19조제1호,거래소의 공시,제19조,0,1,0,법 제392조제1항에 따라 은행으로부터 거래소가 통보 받은 사항
호,4,상장법인 관리,,,제19조제2호,거래소의 공시,제19조,0,2,0,거래소가 투자자의 투자판단에 중대한 영향을 미칠 우려가 있어 그 내용을 신속하게 알릴 필요가 있다고 인정하는 경우로서 법 제392조제2항 및 법 시행령 제361조에 따라 관계기관에 거래소가 확인한 해당 코넥스시장 상장법인의 기업내용
호,4,상장법인 관리,,,제19조제3호,거래소의 공시,제19조,0,3,0,「증권관련집단소송법」 제7조에 따른 소의 제기·허가신청 및 동법 제19조에 따른 소송허가 결정과 관련한 사항 그 밖에 동 관련 법규에 따라 법원으로부터 거래소가 통보받은 사항
항,4,상장법인 관리,,,제20조제①항,시장안내사항,제20조,①,0,0,① 거래소는 다음 각호의 어느 하나에 해당하는 사항은 지체없이 공시한다.
호,4,상장법인 관리,,,제20조제1호,시장안내사항,제20조,①,1,0,"신규상장, 추가상장, 변경상장 및 상장폐지 종목, 제17조제1항·「코넥스시장 상장규정」 제27조제1항 및 「코넥스시장 업무규정」 제30조제1항에 따른 매매거래정지 종목의 지정 및 지정해제"
호,4,상장법인 관리,,,제20조제2호,시장안내사항,제20조,①,2,0,조회공시 요구내용 및 공시시한
호,4,상장법인 관리,,,제20조제3호,시장안내사항,제20조,①,3,0,제1호 및 제2호 이외에 필요하다고 인정되는 사항
항,4,상장법인 관리,,,제20조제②항,시장안내사항,제20조,②,0,0,② 제1항에 따른 공시와 관련하여 필요한 사항은 세칙으로 정한다.
조,4,상장법인 관리,,,제21조,공시유보,제21조,0,0,0,거래소는 코넥스시장 상장법인의 신고내용이 다음 각호의 어느 하나에 해당하는 경우에는 해당 사유가 해소될 때까지 이의 공시를 일정기간 유보할 수 있다.
호,4,상장법인 관리,,,제21조제1호,공시유보,제21조,0,1,0,공시내용이 「군사기밀보호법」 등의 법률에 따라 기밀에 해당되는 때
호,4,상장법인 관리,,,제21조제2호,공시유보,제21조,0,2,0,공시내용이 관계 법규를 위반하고 있음이 확인되는 때
호,4,상장법인 관리,,,제21조제3호,공시유보,제21조,0,3,0,공시내용의 근거 사실이 확인되지 않거나 그 내용이 투자자의 투자판단에 혼선을 초래할 수 있다고 판단되는 때
호,4,상장법인 관리,,,제21조제4호,공시유보,제21조,0,4,0,제9조제2항에 따른 재공시내용이 이미 공시한 내용과 유사하다고 인정되는 때
호,4,상장법인 관리,,,제21조제5호,공시유보,제21조,0,5,0,제1호부터 제4호까지에서 정하는 사항 이외에 건전한 코넥스시장 질서를 해칠 우려가 있다고 판단되는 때
항,4,상장법인 관리,,,제22조제①항,기업설명회 관련자료의 신고,제22조,①,0,0,"① 코넥스시장 상장법인은 제6조에 따른 공시의무사항 이외에 해당 법인의 경영내용, 사업계획 및 전망 등에 대한 설명회(이하 “기업설명회”라 한다)를 개최할 경우 불특정 다수인을 상대로 하여야 하며, 이와 관련한 제공자료의 내용은 공정성과 객관성을 유지하여야 한다."
항,4,상장법인 관리,,,제22조제②항,기업설명회 관련자료의 신고,제22조,②,0,0,"② 거래소는 코넥스시장 상장법인의 재정 및 규모 등을 감안하여 해당 법인에 대하여 기업설명회의 운영에 대한 권고, 지도, 후원 및 주관 등을 할 수 있다."
항,4,상장법인 관리,,,제22조제③항,기업설명회 관련자료의 신고,제22조,③,0,0,"③ 코넥스시장 상장법인은 제1항에 따른 기업설명회를 개최할 경우 일시, 장소, 설명회 내용 등을 거래소에 문서 또는 모사전송의 방법 등으로 통보하여야 하며, 거래소는 이를 공시하여야 한다."
항,4,상장법인 관리,,,제22조제④항,기업설명회 관련자료의 신고,제22조,④,0,0,④ 코넥스시장 상장법인이 「코넥스시장 상장규정」 제22조에 따른 기업설명회를 개최한 경우에는 그 결과를 세칙이 정하는 사항을 포함하여 개최일 다음 날까지 거래소에 신고하여야 한다.
항,4,상장법인 관리,,,제23조제①항,공시책임자 및 공시담당자의 지정<개정 2015. 7. 22.>,제23조,①,0,0,"① 이 편의 규정에 따른 공시 및 신고는 해당 법인의 공시 책임자가 한다. 다만, 다음 각 호의 어느 하나에 해당하는 경우 담당 지정자문인이 대리하여야 한다. <개정 2015. 7. 22., 2016. 12. 28., 2017. 6. 14., 2022. 4. 27.>"
호,4,상장법인 관리,,,제23조제1호,공시책임자 및 공시담당자의 지정<개정 2015. 7. 22.>,제23조,①,1,0,「코넥스시장 상장규정」 제26조의2제1호에 따른 일반기업부에 소속된 경우로서 상장일부터 1년이 경과하지 않은 코넥스시장 상장법인
호,4,상장법인 관리,,,제23조제2호,공시책임자 및 공시담당자의 지정<개정 2015. 7. 22.>,제23조,①,2,0,삭제 <2022. 4. 27.>
호,4,상장법인 관리,,,제23조제3호,공시책임자 및 공시담당자의 지정<개정 2015. 7. 22.>,제23조,①,3,0,삭제 <2022. 4. 27.>
호,4,상장법인 관리,,,제23조제4호,공시책임자 및 공시담당자의 지정<개정 2015. 7. 22.>,제23조,①,4,0,그 밖에 거래소가 세칙으로 정하는 경우에 해당하는 코넥스시장 상장법인
항,4,상장법인 관리,,,제23조제②항,공시책임자 및 공시담당자의 지정<개정 2015. 7. 22.>,제23조,②,0,0,"② 코넥스시장 상장법인은 공시책임자와 공시담당자(제1항에 따라 지정자문인이 공시 및 신고 업무를 대리하는 경우에는 담당 지정자문인의 공시실무자를 말한다. 이하 같다) 각 1인을 정하여 이를 세칙이 정하는 서류와 함께 거래소에 신고하여야 하며, 공시책임자 및 공시담당자를 변경한 때에도 같다. <개정 2015. 7. 22., 2016. 12. 28., 2017. 6. 14.>"
항,4,상장법인 관리,,,제23조제③항,공시책임자 및 공시담당자의 지정<개정 2015. 7. 22.>,제23조,③,0,0,③ 제2항에 따른 공시책임자 및 공시담당자는 세칙에서 정하는 바에 따라 공시업무에 관한 교육을 이수하여야 한다. <개정 2015. 7. 22.>
항,4,상장법인 관리,,,제23조제④항,공시책임자 및 공시담당자의 지정<개정 2015. 7. 22.>,제23조,④,0,0,④ 최근 3년 이내에 횡령·배임혐의로 제6조제4호에 따라 공시신고된 사실이 있는 자 또는 최근 3년 이내에 횡령·배임으로 벌금이상의 형을 선고 받은 자는 공시책임자로 신고할 수 없다.
조,4,상장법인 관리,,,제24조,내부정보관리,제24조,0,0,0,코넥스시장 상장법인은 이 편의 규정에 따른 공시의무사항과 그 밖에 법인경영 또는 재산상황이나 투자자의 투자판단에 중요한 영향을 미칠 사항(이하 “내부정보”라 한다)이 발생한 경우에는 내부정보의 종합관리 및 적절한 공개를 위하여 공시책임자에게 내부정보가 집중되도록 하여야 한다.
조,4,상장법인 관리,,,제25조,공시세부사항,제25조,0,0,0,이 편의 규정에 따른 공시사항에 관하여 필요한 세부사항은 거래소가 별도로 정할 수 있다. 제2편 코넥스시장 상장법인등의 전자문서에 의한 신고등
조,1,총칙,,,제26조,목적,제26조,0,0,0,이 편은 법 시행령 제385조제3항에 따라 코넥스시장 상장법인 등이 전자문서의 방법에 따라 거래소에 제출하는 신고서·보고서 그 밖의 서류 또는 자료 등(이하 “신고서 등”이라 한다)의 제출과 관련하여 필요한 사항을 규정함을 목적으로 한다.
항,1,총칙,,,제27조제①항,정의,제27조,①,0,0,① 이 편에서 “제출인”이란 제28조에 따른 전자문서를 제출할 의무가 있는 자를 말한다.
항,1,총칙,,,제27조제②항,정의,제27조,②,0,0,② 이 편에서 “전자서명”이란 전자문서를 제출한 자의 신원과 전자문서의 변경여부를 확인할 수 있도록 비대칭암호화방식을 이용하여 전자서명생성키로 생성한 정보로서 해당 전자문서에 고유한 것을 말한다.
항,1,총칙,,,제27조제③항,정의,제27조,③,0,0,③ 이 편에서 “비대칭암호화방식”이란 정보를 암호화하기 위하여 사용하는 키와 암호화된 정보를 복원하기 위하여 사용하는 키가 서로 다른 암호화 방식을 말한다.
항,1,총칙,,,제27조제④항,정의,제27조,④,0,0,④ 이 편에서 “전자서명생성키”란 전자서명을 위하여 이용하는 전자적 정보를 말한다.
항,1,총칙,,,제27조제⑤항,정의,제27조,⑤,0,0,"⑤ 제1항부터 제4항까지 이외에 이 편에서 사용하는 용어의 정의에 관하여는 법, 법 시행령, 법 시행규칙 그 밖에 관계 법령과 거래소가 정하는 다른 규정에서 사용하는 용어의 정의에 따른다."
조,1,총칙,,,제28조,적용대상 전자문서,제28조,0,0,0,이 편에서 전자문서의 방법으로 제출하는 신고서 등은 다음 각호와 같다.
호,1,총칙,,,제28조제1호,적용대상 전자문서,제28조,0,1,0,"이 규정, 코넥스시장 상장규정 및 코넥스시장 업무규정 등에 따라 거래소에 제출하는 신고서 등"
호,1,총칙,,,제28조제2호,적용대상 전자문서,제28조,0,2,0,제43조에 따른 공시서류
호,1,총칙,,,제28조제3호,적용대상 전자문서,제28조,0,3,0,그 밖에 전자문서의 방법으로 제출할 필요가 있다고 거래소가 인정하는 신고서 등
항,1,총칙,,,제29조제①항,전자공시시스템의 운영,제29조,①,0,0,① 거래소는 제28조에 따른 신고서 등을 전자문서의 방법으로 제출받을 수 있도록 전자공시시스템을 운영하여야 한다.
항,1,총칙,,,제29조제②항,전자공시시스템의 운영,제29조,②,0,0,"② 거래소는 전자문서의 방법으로 제출받은 신고서 등(제5조제1항에 따라 전자문서의 방법으로 제출받은 신고서 등을 포함한다)을 정보통신망을 이용하여 일반인이 이용하도록 하여야 한다. 다만, 거래소가 필요하다고 인정하는 경우에는 그러하지 아니하다."
항,2,전자문서의 작성 및 제출,,,제30조제①항,전자문서 제출인의 등록,제30조,①,0,0,"① 제출인은 세칙이 정하는 바에 따라 사전에 제출인에 관한 사항을 거래소에 등록하여야 하며, 등록사항이 변경된 경우에도 또한 같다."
항,2,전자문서의 작성 및 제출,,,제30조제②항,전자문서 제출인의 등록,제30조,②,0,0,② 거래소는 제출인이 제1항에 따른 등록 또는 변경등록을 한 때에는 해당 제출인에게 비밀번호 그 밖에 필요한 정보를 제공하여야 한다.
항,2,전자문서의 작성 및 제출,,,제31조제①항,전자문서의 제출 등,제31조,①,0,0,"① 제출인은 전자문서의 방법으로 제출하는 신고서 등에 제출인을 식별할 수 있는 사항과 전자문서를 접수, 분류 또는 처리함에 있어 필요한 정보를 포함하여 제출하여야 한다."
항,2,전자문서의 작성 및 제출,,,제31조제②항,전자문서의 제출 등,제31조,②,0,0,② 제1항에 따른 전자문서의 방법으로 신고서 등을 제출함에 있어 제출인은 근거 서류 등을 첨부하여 제출하여야 한다.
항,2,전자문서의 작성 및 제출,,,제31조제③항,전자문서의 제출 등,제31조,③,0,0,③ 제출인은 신고서 등의 첨부서류 중 전자문서에 포함하기가 곤란하다고 인정하는 서류에 대하여는 이를 서면으로 제출할 수 있다.
항,2,전자문서의 작성 및 제출,,,제32조제①항,전자문서의 접수 및 통지,제32조,①,0,0,① 거래소는 제출인이 전자문서의 방법으로 제출한 신고서 등이 이 편의 규정에 따라 작성·제출되지 아니한 경우에 그 접수를 거부할 수 있다.
항,2,전자문서의 작성 및 제출,,,제32조제②항,전자문서의 접수 및 통지,제32조,②,0,0,② 거래소는 전자문서의 방법으로 제출받은 신고서 등의 접수여부에 대하여 정보통신망을 이용하여 제출인에게 통지하여야 한다.
조,2,전자문서의 작성 및 제출,,,제33조,정정문서의 제출,제33조,0,0,0,제출인은 제출된 전자문서에 대하여 정정요구를 받거나 자발적으로 정정하고자 하는 경우에는 그 정정내용과 정정이 완료된 전자문서를 함께 제출하여야 한다.
조,2,전자문서의 작성 및 제출,,,제34조,제출인 외의 자가 작성하는 문서,제34조,0,0,0,제28조에 따른 신고서 등의 첨부서류 중 공인회계사 등 제출인 이외의 자가 작성하는 서류는 해당 작성자가 전자서명을 한 후 제출인에게 제공하여야 한다.
조,2,전자문서의 작성 및 제출,,,제35조,전자문서의 제출 부수,제35조,0,0,0,제출인이 신고서 등을 전자문서의 방법으로 제출한 경우 거래소 관련 규정에서 정한 신고서 등의 제출 부수를 충족한 것으로 본다.
항,2,전자문서의 작성 및 제출,,,제36조제①항,전자서명의 효력등,제36조,①,0,0,① 제출인은 전자문서의 방법으로 신고서 등을 제출하고자 하는 경우에는 전자서명을 하여야 한다.
항,2,전자문서의 작성 및 제출,,,제36조제②항,전자서명의 효력등,제36조,②,0,0,② 제1항에 따라 전자서명한 경우에는 제출인이 서명 또는 날인한 것으로 본다.
항,2,전자문서의 작성 및 제출,,,제36조제③항,전자서명의 효력등,제36조,③,0,0,③ 제1항에 따른 전자서명을 위한 전자서명의 등록·인증 그 밖에 전자서명에 대하여는 「증권의발행및공시등에관한규정」이 정하는 바에 따른다.
항,2,전자문서의 작성 및 제출,,,제37조제①항,전자공시시스템의 장애,제37조,①,0,0,"① 제출인은 전자공시시스템에 장애가 발생하여 이 편의 규정에 따른 전자문서를 제출할 수 없는 경우에는 제28조에 따른 신고서 등을 서면 또는 모사전송 등의 방법으로 거래소에 제출하여야 하며, 이 경우 전자문서 파일을 첨부하여야 한다."
항,2,전자문서의 작성 및 제출,,,제37조제②항,전자공시시스템의 장애,제37조,②,0,0,② 거래소는 전자공시시스템이 복구되었을 때 즉시 제1항에 따라 제출된 전자문서 파일을 전자공시시스템에 등록하여야 한다. 제3편 집합투자업자등의 코넥스시장 상장법인 의결권행사에 관한 공시
조,1,총칙,,,제38조,목적,제38조,0,0,0,"이 편은 법 제87조제8항, 제112조제7항 및 제186조제2항에 따라 집합투자업자·신탁업자 및 투자회사등(이하 “집합투자업자등”이라 한다)가 코넥스시장 상장법인에 대한 의결권 행사내용을 공시함에 있어 필요한 사항을 규정함을 목적으로 한다."
항,1,총칙,,,제39조제①항,정의,제39조,①,0,0,① 이 편에서 “집합투자업자”란 법 제8조제4항에 따른 집합투자업자를 말한다.
항,1,총칙,,,제39조제②항,정의,제39조,②,0,0,② 이 편에서 “투자회사등”이란 법 제182조제1항에 따른 투자회사등을 말한다.
항,1,총칙,,,제39조제③항,정의,제39조,③,0,0,"③ 이 편에서 “공시책임자”란 상근이사(투자회사등의 경우에는 법인이사를 말한다) 또는 「상법」 제401조의2제1항제3호에 해당하는 상근자로서 해당 집합투자업자등을 대표하여 공시를 담당하는 자를 말한다. 다만, 「채무자회생및파산에관한법률」에 따른 회생절차개시신청을 하였거나 회생절차개시가 결정된 법인의 경우에는 동법 제74조에 따른 관리인 또는 동법 제85조에 따른 보전관리인을 공시책임자로 본다."
항,1,총칙,,,제39조제④항,정의,제39조,④,0,0,④ 이 편에서 “불성실공시”란 집합투자업자등이 관련 법규 및 이 편의 규정에 따른 공시사항을 성실히 이행하지 아니하는 것을 말한다.
항,1,총칙,,,제39조제⑤항,정의,제39조,⑤,0,0,⑤ 이 편에서 “의결권공시대상법인”이란 법 제87조제7항에 따른 의결권공시대상법인 중 코넥스시장 상장법인을 말한다.
항,1,총칙,,,제40조제①항,공시의무의 성실이행등,제40조,①,0,0,① 집합투자업자등은 관련 법규 및 이 편의 규정에 따른 공시사항을 자발적으로 성실히 공시하여야 한다.
항,1,총칙,,,제40조제②항,공시의무의 성실이행등,제40조,②,0,0,② 집합투자업자등은 제1항의 공시사항을 공시하기 이전에는 동 내용이 코넥스시장에 풍문 또는 보도 등으로 누설되거나 유포되지 않도록 하여야 한다.
조,1,총칙,,,제41조,신고 및 서류제출방법,제41조,0,0,0,"집합투자업자등이 이 편의 규정에 따라 거래소에 공시하여야 할 사항은 제2편의 규정에 따른 전자문서의 방법으로 제출하여야 한다. 다만, 거래소가 불가피하다고 인정하는 경우에는 우편·인편 또는 모사전송의 방법으로 제출할 수 있다."
항,1,총칙,,,제42조제①항,공시책임자의 지정,제42조,①,0,0,"① 집합투자업자등은 해당 회사를 대표하여 공시를 담당할 공시책임자(정·부 각각 1인)를 지정하여야 한다. 이 경우 투자회사등은 해당 회사의 법인이사 외에 해당 회사가 업무위탁계약을 체결한 집합투자업자, 신탁업자, 투자매매업자·투자중개업자,일반사무관리회사 중에서 적합하다고 인정하는 회사의 담당자를 공시책임자 부로 지정할 수 있다."
항,1,총칙,,,제42조제②항,공시책임자의 지정,제42조,②,0,0,② 집합투자업자등은 제1항에 따라 공시책임자를 지정하거나 변경하는 경우에는 해당 공시책임자가 공시를 성실하게 이행하겠다는 내용의 서류를 첨부하여 이를 지체없이 거래소에 문서로 통보하여야 한다.
항,2,집합투자업자등의 의결권행사 내용의 공시,,,제43조제①항,집합투자업자등의 의결권행사 내용의 공시,제43조,①,0,0,"① 집합투자업자등은 투자자의 이익을 보호하기 위하여 집합투자재산에 속하는 주권등을 발행한 코넥스시장 상장법인의 주주총회에서 의결권을 행사하는 경우 다음 각호의 구분에 따라 직전연도 4월 1일부터 1년간 행사한 의결권 행사 내용 등을 매년 4월 30일까지 문서로 작성하여 지체없이 거래소에 신고하여야 한다. 다만, 신탁업자의 경우에는 제2호 및 제3호를 적용하지 아니하며, 의결권 행사 내용 등을 해당 주주총회일부터 5일 이내에 신고하여야 한다. <개정 2016. 12. 28.>"
호,2,집합투자업자등의 의결권행사 내용의 공시,,,제43조제1호,집합투자업자등의 의결권행사 내용의 공시,제43조,①,1,0,"법인의 합병, 영업의 양도·양수, 임원의 임면, 정관변경, 그 밖에 이에 준하는 사항으로서 투자자의 이익에 명백한 영향을 미치는 사항에 대하여 의결권을 행사하는 경우 : 의결권의 구체적 행사내용 및 그 사유"
호,2,집합투자업자등의 의결권행사 내용의 공시,,,제43조제2호,집합투자업자등의 의결권행사 내용의 공시,제43조,①,2,0,의결권공시대상법인에 대하여 의결권을 행사하는 경우 : 의결권의 구체적 행사내용 및 그 사유
호,2,집합투자업자등의 의결권행사 내용의 공시,,,제43조제3호,집합투자업자등의 의결권행사 내용의 공시,제43조,①,3,0,의결권공시대상법인에 대하여 의결권을 행사하지 아니한 경우 : 의결권을 행사하지 아니한 구체적인 사유
항,2,집합투자업자등의 의결권행사 내용의 공시,,,제43조제②항,집합투자업자등의 의결권행사 내용의 공시,제43조,②,0,0,② 거래소는 집합투자업자등이 제1항에 따라 공시하는 사항을 공시매체를 통하여 투자자에게 공시한다.
조,3,불성실공시,,,제44조,불성실공시 유형,제44조,0,0,0,거래소는 집합투자업자등이 제43조에서 정하는 공시사항을 해당 공시기한 이내에 공시하지 아니한 경우에는 이를 불성실공시로 본다.
항,3,불성실공시,,,제45조제①항,불성실공시 사실의 공표,제45조,①,0,0,① 거래소는 집합투자업자등이 제44조에 따른 불성실공시를 한 경우에는 그 사실과 경위 등을 공표한다.
항,3,불성실공시,,,제45조제②항,불성실공시 사실의 공표,제45조,②,0,0,"② 제1항에 따라 거래소가 집합투자업자등의 불성실공시 사실을 공표하는 경우에는 불성실공시 사실과 경위 등을 증권시장지에 불성실공시를 한 날부터 5일간, 전자공시매체에 1월간 각각 게재한다. 제4편 보칙"
조,3,불성실공시,,,제46조,공시기간의 계산,제46조,0,0,0,공시와 관련된 기간의 계산은 세칙으로 정하는 방법에 따른다.
조,3,불성실공시,,,제47조,공시문안의 정정,제47조,0,0,0,"거래소는 코넥스시장 상장법인의 신고내용이 이사회의사록 등 그 근거문서내용과 다르거나 오자·탈자 등 기재착오 등에 따라 투자판단의 혼란을 야기할 가능성이 있다고 인정되는 경우에는 해당 법인이 스스로 해당 자구 또는 문구 등을 정정할 수 있도록 권유할 수 있다. 다만, 제3편의 규정에 따른 신고사항의 경우에는 그러하지 아니하다."
조,3,불성실공시,,,제47조의2,의견수렴,제47조의2,0,0,0,이 규정(세칙을 포함한다)을 개정하려는 경우에는 세칙으로 정하는 바에 따라 이해관계자들의 의견수렴을 거쳐야 한다. [본조신설 2020. 4. 29.]
조,3,불성실공시,,,제48조,시행세칙,제48조,0,0,0,"거래소는 이 규정의 시행과 관련하여 필요한 서식 그 밖의 세부사항은 세칙으로 정한다. 부칙 <제953호, 2013. 9. 11.>"
조,3,불성실공시,,,제1조,시행일,제1조,0,0,0,이 규정은 2013년 9월 17일부터 시행한다.
조,3,불성실공시,,,제2조,코넥스시장에서의 신고 등에 관한 경과조치,제2조,0,0,0,이 규정 시행 당시 종전의 코스닥시장 공시규정에 따라 코넥스시장 상장법인과 관련하여 행한 신고 등 행위는 이 규정에 따라 한 것으로 본다.
조,3,불성실공시,,,제3조,외부감사의 대상이 아닌 법인에 관한 특례,제3조,0,0,0,"코넥스시장 상장법인이 2011사업연도에 외감법 제2조의 기준에 해당하지 아니하는 경우 제3조제1항 본문에도 불구하고 해당 법인에 적용하는 2012사업연도의 재무사항은 해당 법인의 2012사업연도 재무제표에 대하여 회계감사를 한 회계법인의 감사결과 수정된 재무제표에 따른다. 부칙 <제971호, 2013. 11. 13.> 부칙내용 이 규정은 2013년 11월 14일부터 시행한다. 부칙 <제1174호, 2015. 4. 29.> 부칙내용 이 규정은 2015년 5월 4일부터 시행한다. 부칙 <제1218호, 2015. 7. 22.> 부칙내용 이 규정은 2015년 7월 27일부터 시행한다. 부칙 <제1395호, 2016. 12. 28.>"
조,3,불성실공시,,,제1조,시행일,제1조,0,0,0,"이 규정은 2017년 1월 2일부터 시행한다. 다만, 제23조제1항·제2항의 개정규정은 전산개발 소요기간 등을 고려하여 세칙으로 정하는 날부터 시행한다. 부칙 <제1456호, 2017. 6. 14.> 부칙내용 이 규정은 2017년 6월 26일부터 시행한다. 부칙 <제1665호, 2019. 4. 17.> 부칙내용 이 규정은 2019년 4월 22일부터 시행한다. 부칙 <제1812호, 2020. 4. 29.> 부칙내용 이 규정은 2020년 5월 8일부터 시행한다. 부칙 <제1998호, 2021. 11. 24.> 부칙내용 이 규정은 2021년 12월 13일부터 시행한다. 부칙 <제2033호, 2022. 4. 27.> 부칙내용 이 규정은 2022년 5월 2일부터 시행한다. 다만, 제23조제1항의 개정규정은 2022년 5월 30일부터 시행한다. 부칙 <제2268호, 2024. 11. 13.>"
조,3,불성실공시,,,제1조,시행일,제1조,0,0,0,이 규정은 2024년 12월 1일부터 시행한다.
조,3,불성실공시,,,제2조,전환사채 등의 재매각 결정에 관한 적용례,제2조,0,0,0,제6조제2호라목(4) 중 재매각 결정에 관한 개정규정은 이 규정 시행일 이후 제6조제2호라목(1)에 따른 발행에 관한 결정이 있는 경우부터 적용한다.
조,3,불성실공시,,,제3조,이미 발행한 전환사채 등의 만기 전 취득 결정에 관한 경과조치,제3조,0,0,0,"이 규정 시행 전에 발행한 전환사채, 신주인수권부사채 또는 교환사채를 이 규정 시행일 이후 만기 전 취득하기로 결정하는 경우에는 제6조제2호라목(4) 및 제18조제10호의 개정규정에도 불구하고 종전의 규정에 따른다. 부칙 <제2362호, 2025. 10. 1> 부칙내용 이 규정은 2025년 10월 20일부터 시행한다."
